"Validation Configuration ID","Configuration ","Sample Call String"
"1","-x1 '-3.346026910165415' -x2 '12.703285367274518'","python example_scenarios/branin/branin.py no_instance 0 1.7976931348623157E308 2147483647 -1 -x1 '-3.346026910165415' -x2 '12.703285367274518' "
