"Validation Configuration ID","Configuration ","Sample Call String"
"1","-x1 '9.646771276460662' -x2 '1.8644379726684701'","python example_scenarios/branin/branin.py no_instance 0 1.7976931348623157E308 2147483647 -1 -x1 '9.646771276460662' -x2 '1.8644379726684701' "
